Hour,Humidity,AQI Status
[0],[0],Air Quality is Moderate
[0],[1],Air Quality is Moderate
[0],[2],Air Quality is Moderate
[0],[3],Air Quality is Moderate
[0],[4],Air Quality is Moderate
[0],[5],Air Quality is Moderate
[0],[6],Air Quality is Moderate
[0],[7],Air Quality is Moderate
[0],[8],Air Quality is Moderate
[0],[9],Air Quality is Moderate
[0],[10],Air Quality is Moderate
[0],[11],Air Quality is Moderate
[0],[12],Air Quality is Moderate
[0],[13],Air Quality is Moderate
[0],[14],Air Quality is Moderate
[0],[15],Air Quality is Moderate
[0],[16],Air Quality is Moderate
[0],[17],Air Quality is Moderate
[0],[18],Air Quality is Moderate
[0],[19],Air Quality is Moderate
[0],[20],Air Quality is Moderate
[0],[21],Air Quality is Moderate
[0],[22],Air Quality is Moderate
[0],[23],Air Quality is Moderate
[0],[24],Air Quality is Moderate
[0],[25],Air Quality is Moderate
[0],[26],Air Quality is Moderate
[0],[27],Air Quality is Moderate
[0],[28],Air Quality is Moderate
[0],[29],Air Quality is Moderate
[0],[30],Air Quality is Moderate
[0],[31],Air Quality is Moderate
[0],[32],Air Quality is Moderate
[0],[33],Air Quality is Moderate
[0],[34],Air Quality is Moderate
[0],[35],Air Quality is Moderate
[0],[36],Air Quality is Moderate
[0],[37],Air Quality is Moderate
[0],[38],Air Quality is Moderate
[0],[39],Air Quality is Moderate
[0],[40],Air Quality is Moderate
[0],[41],Air Quality is Moderate
[0],[42],Air Quality is Moderate
[0],[43],Air Quality is Moderate
[0],[44],Air Quality is Moderate
[0],[45],Air Quality is Moderate
[0],[46],Air Quality is Moderate
[0],[47],Air Quality is Moderate
[0],[48],Air Quality is Moderate
[0],[49],Air Quality is Moderate
[0],[50],Air Quality is Moderate
[0],[51],Air Quality is Moderate
[0],[52],Air Quality is Moderate
[0],[53],Air Quality is Moderate
[0],[54],Air Quality is Moderate
[0],[55],Air Quality is Moderate
[0],[56],Air Quality is Moderate
[0],[57],Air Quality is Moderate
[0],[58],Air Quality is Moderate
[0],[59],Air Quality is Moderate
[0],[60],Air Quality is Moderate
[0],[61],Air Quality is Moderate
[0],[62],Air Quality is Moderate
[0],[63],Air Quality is Moderate
[0],[64],Air Quality is Moderate
[0],[65],Air Quality is Moderate
[0],[66],Air Quality is Good
[0],[67],Air Quality is Good
[0],[68],Air Quality is Good
[0],[69],Air Quality is Good
[0],[70],Air Quality is Good
[0],[71],Air Quality is Good
[0],[72],Air Quality is Good
[0],[73],Air Quality is Moderate
[0],[74],Air Quality is Good
[0],[75],Air Quality is Good
[0],[76],Air Quality is Good
[0],[77],Air Quality is Good
[0],[78],Air Quality is Good
[0],[79],Air Quality is Good
[0],[80],Air Quality is Good
[0],[81],Air Quality is Good
[0],[82],Air Quality is Good
[0],[83],Air Quality is Good
[0],[84],Air Quality is Good
[0],[85],Air Quality is Good
[0],[86],Air Quality is Good
[0],[87],Air Quality is Good
[0],[88],Air Quality is Good
[0],[89],Air Quality is Good
[0],[90],Air Quality is Good
[0],[91],Air Quality is Good
[0],[92],Air Quality is Good
[0],[93],Air Quality is Good
[0],[94],Air Quality is Good
[0],[95],Air Quality is Good
[0],[96],Air Quality is Good
[0],[97],Air Quality is Good
[0],[98],Air Quality is Good
[0],[99],Air Quality is Good
[1],[0],Air Quality is Moderate
[1],[1],Air Quality is Moderate
[1],[2],Air Quality is Moderate
[1],[3],Air Quality is Moderate
[1],[4],Air Quality is Moderate
[1],[5],Air Quality is Moderate
[1],[6],Air Quality is Moderate
[1],[7],Air Quality is Moderate
[1],[8],Air Quality is Moderate
[1],[9],Air Quality is Moderate
[1],[10],Air Quality is Moderate
[1],[11],Air Quality is Moderate
[1],[12],Air Quality is Moderate
[1],[13],Air Quality is Moderate
[1],[14],Air Quality is Moderate
[1],[15],Air Quality is Moderate
[1],[16],Air Quality is Moderate
[1],[17],Air Quality is Moderate
[1],[18],Air Quality is Moderate
[1],[19],Air Quality is Moderate
[1],[20],Air Quality is Moderate
[1],[21],Air Quality is Moderate
[1],[22],Air Quality is Moderate
[1],[23],Air Quality is Moderate
[1],[24],Air Quality is Moderate
[1],[25],Air Quality is Moderate
[1],[26],Air Quality is Moderate
[1],[27],Air Quality is Moderate
[1],[28],Air Quality is Moderate
[1],[29],Air Quality is Moderate
[1],[30],Air Quality is Moderate
[1],[31],Air Quality is Moderate
[1],[32],Air Quality is Moderate
[1],[33],Air Quality is Moderate
[1],[34],Air Quality is Moderate
[1],[35],Air Quality is Moderate
[1],[36],Air Quality is Moderate
[1],[37],Air Quality is Moderate
[1],[38],Air Quality is Moderate
[1],[39],Air Quality is Moderate
[1],[40],Air Quality is Moderate
[1],[41],Air Quality is Moderate
[1],[42],Air Quality is Moderate
[1],[43],Air Quality is Moderate
[1],[44],Air Quality is Moderate
[1],[45],Air Quality is Moderate
[1],[46],Air Quality is Moderate
[1],[47],Air Quality is Moderate
[1],[48],Air Quality is Moderate
[1],[49],Air Quality is Moderate
[1],[50],Air Quality is Moderate
[1],[51],Air Quality is Moderate
[1],[52],Air Quality is Moderate
[1],[53],Air Quality is Moderate
[1],[54],Air Quality is Moderate
[1],[55],Air Quality is Moderate
[1],[56],Air Quality is Moderate
[1],[57],Air Quality is Moderate
[1],[58],Air Quality is Moderate
[1],[59],Air Quality is Moderate
[1],[60],Air Quality is Moderate
[1],[61],Air Quality is Moderate
[1],[62],Air Quality is Moderate
[1],[63],Air Quality is Moderate
[1],[64],Air Quality is Moderate
[1],[65],Air Quality is Moderate
[1],[66],Air Quality is Good
[1],[67],Air Quality is Good
[1],[68],Air Quality is Good
[1],[69],Air Quality is Good
[1],[70],Air Quality is Good
[1],[71],Air Quality is Good
[1],[72],Air Quality is Good
[1],[73],Air Quality is Moderate
[1],[74],Air Quality is Good
[1],[75],Air Quality is Good
[1],[76],Air Quality is Good
[1],[77],Air Quality is Good
[1],[78],Air Quality is Good
[1],[79],Air Quality is Good
[1],[80],Air Quality is Good
[1],[81],Air Quality is Good
[1],[82],Air Quality is Good
[1],[83],Air Quality is Good
[1],[84],Air Quality is Good
[1],[85],Air Quality is Good
[1],[86],Air Quality is Good
[1],[87],Air Quality is Good
[1],[88],Air Quality is Good
[1],[89],Air Quality is Good
[1],[90],Air Quality is Good
[1],[91],Air Quality is Good
[1],[92],Air Quality is Good
[1],[93],Air Quality is Good
[1],[94],Air Quality is Good
[1],[95],Air Quality is Good
[1],[96],Air Quality is Good
[1],[97],Air Quality is Good
[1],[98],Air Quality is Good
[1],[99],Air Quality is Good
[2],[0],Air Quality is Moderate
[2],[1],Air Quality is Moderate
[2],[2],Air Quality is Moderate
[2],[3],Air Quality is Moderate
[2],[4],Air Quality is Moderate
[2],[5],Air Quality is Moderate
[2],[6],Air Quality is Moderate
[2],[7],Air Quality is Moderate
[2],[8],Air Quality is Moderate
[2],[9],Air Quality is Moderate
[2],[10],Air Quality is Moderate
[2],[11],Air Quality is Moderate
[2],[12],Air Quality is Moderate
[2],[13],Air Quality is Moderate
[2],[14],Air Quality is Moderate
[2],[15],Air Quality is Moderate
[2],[16],Air Quality is Moderate
[2],[17],Air Quality is Moderate
[2],[18],Air Quality is Moderate
[2],[19],Air Quality is Moderate
[2],[20],Air Quality is Moderate
[2],[21],Air Quality is Moderate
[2],[22],Air Quality is Moderate
[2],[23],Air Quality is Moderate
[2],[24],Air Quality is Moderate
[2],[25],Air Quality is Moderate
[2],[26],Air Quality is Moderate
[2],[27],Air Quality is Moderate
[2],[28],Air Quality is Moderate
[2],[29],Air Quality is Moderate
[2],[30],Air Quality is Moderate
[2],[31],Air Quality is Moderate
[2],[32],Air Quality is Moderate
[2],[33],Air Quality is Moderate
[2],[34],Air Quality is Moderate
[2],[35],Air Quality is Moderate
[2],[36],Air Quality is Moderate
[2],[37],Air Quality is Unhealthy for sensitive group
[2],[38],Air Quality is Unhealthy for sensitive group
[2],[39],Air Quality is Moderate
[2],[40],Air Quality is Moderate
[2],[41],Air Quality is Moderate
[2],[42],Air Quality is Moderate
[2],[43],Air Quality is Moderate
[2],[44],Air Quality is Moderate
[2],[45],Air Quality is Moderate
[2],[46],Air Quality is Moderate
[2],[47],Air Quality is Moderate
[2],[48],Air Quality is Moderate
[2],[49],Air Quality is Moderate
[2],[50],Air Quality is Moderate
[2],[51],Air Quality is Moderate
[2],[52],Air Quality is Moderate
[2],[53],Air Quality is Moderate
[2],[54],Air Quality is Moderate
[2],[55],Air Quality is Moderate
[2],[56],Air Quality is Moderate
[2],[57],Air Quality is Moderate
[2],[58],Air Quality is Moderate
[2],[59],Air Quality is Moderate
[2],[60],Air Quality is Moderate
[2],[61],Air Quality is Moderate
[2],[62],Air Quality is Moderate
[2],[63],Air Quality is Moderate
[2],[64],Air Quality is Moderate
[2],[65],Air Quality is Moderate
[2],[66],Air Quality is Good
[2],[67],Air Quality is Moderate
[2],[68],Air Quality is Moderate
[2],[69],Air Quality is Moderate
[2],[70],Air Quality is Good
[2],[71],Air Quality is Good
[2],[72],Air Quality is Moderate
[2],[73],Air Quality is Moderate
[2],[74],Air Quality is Good
[2],[75],Air Quality is Good
[2],[76],Air Quality is Good
[2],[77],Air Quality is Good
[2],[78],Air Quality is Good
[2],[79],Air Quality is Good
[2],[80],Air Quality is Good
[2],[81],Air Quality is Good
[2],[82],Air Quality is Good
[2],[83],Air Quality is Good
[2],[84],Air Quality is Good
[2],[85],Air Quality is Good
[2],[86],Air Quality is Good
[2],[87],Air Quality is Good
[2],[88],Air Quality is Good
[2],[89],Air Quality is Good
[2],[90],Air Quality is Good
[2],[91],Air Quality is Good
[2],[92],Air Quality is Good
[2],[93],Air Quality is Good
[2],[94],Air Quality is Good
[2],[95],Air Quality is Good
[2],[96],Air Quality is Good
[2],[97],Air Quality is Good
[2],[98],Air Quality is Good
[2],[99],Air Quality is Good
[3],[0],Air Quality is Moderate
[3],[1],Air Quality is Moderate
[3],[2],Air Quality is Moderate
[3],[3],Air Quality is Moderate
[3],[4],Air Quality is Moderate
[3],[5],Air Quality is Moderate
[3],[6],Air Quality is Moderate
[3],[7],Air Quality is Moderate
[3],[8],Air Quality is Moderate
[3],[9],Air Quality is Moderate
[3],[10],Air Quality is Moderate
[3],[11],Air Quality is Moderate
[3],[12],Air Quality is Moderate
[3],[13],Air Quality is Moderate
[3],[14],Air Quality is Moderate
[3],[15],Air Quality is Moderate
[3],[16],Air Quality is Moderate
[3],[17],Air Quality is Moderate
[3],[18],Air Quality is Moderate
[3],[19],Air Quality is Moderate
[3],[20],Air Quality is Moderate
[3],[21],Air Quality is Moderate
[3],[22],Air Quality is Moderate
[3],[23],Air Quality is Moderate
[3],[24],Air Quality is Moderate
[3],[25],Air Quality is Moderate
[3],[26],Air Quality is Moderate
[3],[27],Air Quality is Moderate
[3],[28],Air Quality is Moderate
[3],[29],Air Quality is Moderate
[3],[30],Air Quality is Moderate
[3],[31],Air Quality is Moderate
[3],[32],Air Quality is Moderate
[3],[33],Air Quality is Moderate
[3],[34],Air Quality is Moderate
[3],[35],Air Quality is Moderate
[3],[36],Air Quality is Moderate
[3],[37],Air Quality is Unhealthy for sensitive group
[3],[38],Air Quality is Unhealthy for sensitive group
[3],[39],Air Quality is Moderate
[3],[40],Air Quality is Moderate
[3],[41],Air Quality is Moderate
[3],[42],Air Quality is Moderate
[3],[43],Air Quality is Moderate
[3],[44],Air Quality is Moderate
[3],[45],Air Quality is Moderate
[3],[46],Air Quality is Moderate
[3],[47],Air Quality is Moderate
[3],[48],Air Quality is Moderate
[3],[49],Air Quality is Moderate
[3],[50],Air Quality is Moderate
[3],[51],Air Quality is Moderate
[3],[52],Air Quality is Moderate
[3],[53],Air Quality is Moderate
[3],[54],Air Quality is Moderate
[3],[55],Air Quality is Moderate
[3],[56],Air Quality is Moderate
[3],[57],Air Quality is Moderate
[3],[58],Air Quality is Moderate
[3],[59],Air Quality is Moderate
[3],[60],Air Quality is Moderate
[3],[61],Air Quality is Moderate
[3],[62],Air Quality is Moderate
[3],[63],Air Quality is Moderate
[3],[64],Air Quality is Moderate
[3],[65],Air Quality is Moderate
[3],[66],Air Quality is Good
[3],[67],Air Quality is Good
[3],[68],Air Quality is Good
[3],[69],Air Quality is Moderate
[3],[70],Air Quality is Good
[3],[71],Air Quality is Moderate
[3],[72],Air Quality is Good
[3],[73],Air Quality is Moderate
[3],[74],Air Quality is Good
[3],[75],Air Quality is Good
[3],[76],Air Quality is Good
[3],[77],Air Quality is Good
[3],[78],Air Quality is Good
[3],[79],Air Quality is Good
[3],[80],Air Quality is Good
[3],[81],Air Quality is Good
[3],[82],Air Quality is Good
[3],[83],Air Quality is Good
[3],[84],Air Quality is Good
[3],[85],Air Quality is Good
[3],[86],Air Quality is Good
[3],[87],Air Quality is Good
[3],[88],Air Quality is Good
[3],[89],Air Quality is Good
[3],[90],Air Quality is Good
[3],[91],Air Quality is Good
[3],[92],Air Quality is Good
[3],[93],Air Quality is Good
[3],[94],Air Quality is Good
[3],[95],Air Quality is Good
[3],[96],Air Quality is Good
[3],[97],Air Quality is Good
[3],[98],Air Quality is Good
[3],[99],Air Quality is Good
[4],[0],Air Quality is Moderate
[4],[1],Air Quality is Moderate
[4],[2],Air Quality is Moderate
[4],[3],Air Quality is Moderate
[4],[4],Air Quality is Moderate
[4],[5],Air Quality is Moderate
[4],[6],Air Quality is Moderate
[4],[7],Air Quality is Moderate
[4],[8],Air Quality is Moderate
[4],[9],Air Quality is Moderate
[4],[10],Air Quality is Moderate
[4],[11],Air Quality is Moderate
[4],[12],Air Quality is Moderate
[4],[13],Air Quality is Moderate
[4],[14],Air Quality is Moderate
[4],[15],Air Quality is Moderate
[4],[16],Air Quality is Moderate
[4],[17],Air Quality is Moderate
[4],[18],Air Quality is Moderate
[4],[19],Air Quality is Moderate
[4],[20],Air Quality is Moderate
[4],[21],Air Quality is Moderate
[4],[22],Air Quality is Moderate
[4],[23],Air Quality is Moderate
[4],[24],Air Quality is Moderate
[4],[25],Air Quality is Moderate
[4],[26],Air Quality is Moderate
[4],[27],Air Quality is Moderate
[4],[28],Air Quality is Moderate
[4],[29],Air Quality is Moderate
[4],[30],Air Quality is Moderate
[4],[31],Air Quality is Moderate
[4],[32],Air Quality is Moderate
[4],[33],Air Quality is Moderate
[4],[34],Air Quality is Moderate
[4],[35],Air Quality is Moderate
[4],[36],Air Quality is Moderate
[4],[37],Air Quality is Unhealthy for sensitive group
[4],[38],Air Quality is Unhealthy for sensitive group
[4],[39],Air Quality is Moderate
[4],[40],Air Quality is Moderate
[4],[41],Air Quality is Moderate
[4],[42],Air Quality is Moderate
[4],[43],Air Quality is Moderate
[4],[44],Air Quality is Moderate
[4],[45],Air Quality is Moderate
[4],[46],Air Quality is Moderate
[4],[47],Air Quality is Moderate
[4],[48],Air Quality is Moderate
[4],[49],Air Quality is Moderate
[4],[50],Air Quality is Moderate
[4],[51],Air Quality is Moderate
[4],[52],Air Quality is Moderate
[4],[53],Air Quality is Moderate
[4],[54],Air Quality is Moderate
[4],[55],Air Quality is Moderate
[4],[56],Air Quality is Moderate
[4],[57],Air Quality is Moderate
[4],[58],Air Quality is Moderate
[4],[59],Air Quality is Moderate
[4],[60],Air Quality is Moderate
[4],[61],Air Quality is Moderate
[4],[62],Air Quality is Moderate
[4],[63],Air Quality is Moderate
[4],[64],Air Quality is Moderate
[4],[65],Air Quality is Moderate
[4],[66],Air Quality is Good
[4],[67],Air Quality is Good
[4],[68],Air Quality is Moderate
[4],[69],Air Quality is Good
[4],[70],Air Quality is Good
[4],[71],Air Quality is Good
[4],[72],Air Quality is Moderate
[4],[73],Air Quality is Moderate
[4],[74],Air Quality is Good
[4],[75],Air Quality is Good
[4],[76],Air Quality is Good
[4],[77],Air Quality is Good
[4],[78],Air Quality is Good
[4],[79],Air Quality is Good
[4],[80],Air Quality is Good
[4],[81],Air Quality is Good
[4],[82],Air Quality is Good
[4],[83],Air Quality is Good
[4],[84],Air Quality is Good
[4],[85],Air Quality is Good
[4],[86],Air Quality is Good
[4],[87],Air Quality is Good
[4],[88],Air Quality is Good
[4],[89],Air Quality is Good
[4],[90],Air Quality is Good
[4],[91],Air Quality is Good
[4],[92],Air Quality is Good
[4],[93],Air Quality is Good
[4],[94],Air Quality is Good
[4],[95],Air Quality is Good
[4],[96],Air Quality is Good
[4],[97],Air Quality is Good
[4],[98],Air Quality is Good
[4],[99],Air Quality is Good
[5],[0],Air Quality is Moderate
[5],[1],Air Quality is Moderate
[5],[2],Air Quality is Moderate
[5],[3],Air Quality is Moderate
[5],[4],Air Quality is Moderate
[5],[5],Air Quality is Moderate
[5],[6],Air Quality is Moderate
[5],[7],Air Quality is Moderate
[5],[8],Air Quality is Moderate
[5],[9],Air Quality is Moderate
[5],[10],Air Quality is Moderate
[5],[11],Air Quality is Moderate
[5],[12],Air Quality is Moderate
[5],[13],Air Quality is Moderate
[5],[14],Air Quality is Moderate
[5],[15],Air Quality is Moderate
[5],[16],Air Quality is Moderate
[5],[17],Air Quality is Moderate
[5],[18],Air Quality is Moderate
[5],[19],Air Quality is Moderate
[5],[20],Air Quality is Moderate
[5],[21],Air Quality is Moderate
[5],[22],Air Quality is Moderate
[5],[23],Air Quality is Moderate
[5],[24],Air Quality is Moderate
[5],[25],Air Quality is Moderate
[5],[26],Air Quality is Moderate
[5],[27],Air Quality is Moderate
[5],[28],Air Quality is Moderate
[5],[29],Air Quality is Moderate
[5],[30],Air Quality is Moderate
[5],[31],Air Quality is Moderate
[5],[32],Air Quality is Moderate
[5],[33],Air Quality is Moderate
[5],[34],Air Quality is Moderate
[5],[35],Air Quality is Moderate
[5],[36],Air Quality is Moderate
[5],[37],Air Quality is Unhealthy for sensitive group
[5],[38],Air Quality is Unhealthy for sensitive group
[5],[39],Air Quality is Moderate
[5],[40],Air Quality is Moderate
[5],[41],Air Quality is Moderate
[5],[42],Air Quality is Moderate
[5],[43],Air Quality is Moderate
[5],[44],Air Quality is Moderate
[5],[45],Air Quality is Moderate
[5],[46],Air Quality is Moderate
[5],[47],Air Quality is Moderate
[5],[48],Air Quality is Moderate
[5],[49],Air Quality is Moderate
[5],[50],Air Quality is Moderate
[5],[51],Air Quality is Moderate
[5],[52],Air Quality is Moderate
[5],[53],Air Quality is Moderate
[5],[54],Air Quality is Moderate
[5],[55],Air Quality is Moderate
[5],[56],Air Quality is Moderate
[5],[57],Air Quality is Moderate
[5],[58],Air Quality is Moderate
[5],[59],Air Quality is Moderate
[5],[60],Air Quality is Moderate
[5],[61],Air Quality is Moderate
[5],[62],Air Quality is Moderate
[5],[63],Air Quality is Moderate
[5],[64],Air Quality is Moderate
[5],[65],Air Quality is Moderate
[5],[66],Air Quality is Good
[5],[67],Air Quality is Good
[5],[68],Air Quality is Moderate
[5],[69],Air Quality is Good
[5],[70],Air Quality is Good
[5],[71],Air Quality is Good
[5],[72],Air Quality is Good
[5],[73],Air Quality is Moderate
[5],[74],Air Quality is Good
[5],[75],Air Quality is Good
[5],[76],Air Quality is Good
[5],[77],Air Quality is Good
[5],[78],Air Quality is Good
[5],[79],Air Quality is Good
[5],[80],Air Quality is Good
[5],[81],Air Quality is Good
[5],[82],Air Quality is Good
[5],[83],Air Quality is Good
[5],[84],Air Quality is Good
[5],[85],Air Quality is Good
[5],[86],Air Quality is Good
[5],[87],Air Quality is Good
[5],[88],Air Quality is Good
[5],[89],Air Quality is Good
[5],[90],Air Quality is Good
[5],[91],Air Quality is Good
[5],[92],Air Quality is Good
[5],[93],Air Quality is Good
[5],[94],Air Quality is Good
[5],[95],Air Quality is Good
[5],[96],Air Quality is Good
[5],[97],Air Quality is Good
[5],[98],Air Quality is Good
[5],[99],Air Quality is Good
[6],[0],Air Quality is Moderate
[6],[1],Air Quality is Moderate
[6],[2],Air Quality is Moderate
[6],[3],Air Quality is Moderate
[6],[4],Air Quality is Moderate
[6],[5],Air Quality is Moderate
[6],[6],Air Quality is Moderate
[6],[7],Air Quality is Moderate
[6],[8],Air Quality is Moderate
[6],[9],Air Quality is Moderate
[6],[10],Air Quality is Moderate
[6],[11],Air Quality is Moderate
[6],[12],Air Quality is Moderate
[6],[13],Air Quality is Moderate
[6],[14],Air Quality is Moderate
[6],[15],Air Quality is Moderate
[6],[16],Air Quality is Moderate
[6],[17],Air Quality is Moderate
[6],[18],Air Quality is Moderate
[6],[19],Air Quality is Moderate
[6],[20],Air Quality is Moderate
[6],[21],Air Quality is Moderate
[6],[22],Air Quality is Moderate
[6],[23],Air Quality is Moderate
[6],[24],Air Quality is Moderate
[6],[25],Air Quality is Moderate
[6],[26],Air Quality is Moderate
[6],[27],Air Quality is Moderate
[6],[28],Air Quality is Moderate
[6],[29],Air Quality is Moderate
[6],[30],Air Quality is Moderate
[6],[31],Air Quality is Moderate
[6],[32],Air Quality is Moderate
[6],[33],Air Quality is Moderate
[6],[34],Air Quality is Moderate
[6],[35],Air Quality is Moderate
[6],[36],Air Quality is Moderate
[6],[37],Air Quality is Unhealthy for sensitive group
[6],[38],Air Quality is Unhealthy for sensitive group
[6],[39],Air Quality is Moderate
[6],[40],Air Quality is Moderate
[6],[41],Air Quality is Moderate
[6],[42],Air Quality is Moderate
[6],[43],Air Quality is Moderate
[6],[44],Air Quality is Moderate
[6],[45],Air Quality is Moderate
[6],[46],Air Quality is Moderate
[6],[47],Air Quality is Moderate
[6],[48],Air Quality is Moderate
[6],[49],Air Quality is Moderate
[6],[50],Air Quality is Moderate
[6],[51],Air Quality is Moderate
[6],[52],Air Quality is Moderate
[6],[53],Air Quality is Moderate
[6],[54],Air Quality is Moderate
[6],[55],Air Quality is Moderate
[6],[56],Air Quality is Moderate
[6],[57],Air Quality is Moderate
[6],[58],Air Quality is Moderate
[6],[59],Air Quality is Moderate
[6],[60],Air Quality is Moderate
[6],[61],Air Quality is Moderate
[6],[62],Air Quality is Moderate
[6],[63],Air Quality is Moderate
[6],[64],Air Quality is Moderate
[6],[65],Air Quality is Moderate
[6],[66],Air Quality is Good
[6],[67],Air Quality is Moderate
[6],[68],Air Quality is Moderate
[6],[69],Air Quality is Moderate
[6],[70],Air Quality is Moderate
[6],[71],Air Quality is Good
[6],[72],Air Quality is Good
[6],[73],Air Quality is Moderate
[6],[74],Air Quality is Good
[6],[75],Air Quality is Good
[6],[76],Air Quality is Good
[6],[77],Air Quality is Good
[6],[78],Air Quality is Good
[6],[79],Air Quality is Good
[6],[80],Air Quality is Good
[6],[81],Air Quality is Good
[6],[82],Air Quality is Good
[6],[83],Air Quality is Good
[6],[84],Air Quality is Good
[6],[85],Air Quality is Good
[6],[86],Air Quality is Good
[6],[87],Air Quality is Good
[6],[88],Air Quality is Good
[6],[89],Air Quality is Good
[6],[90],Air Quality is Good
[6],[91],Air Quality is Good
[6],[92],Air Quality is Good
[6],[93],Air Quality is Good
[6],[94],Air Quality is Good
[6],[95],Air Quality is Good
[6],[96],Air Quality is Good
[6],[97],Air Quality is Good
[6],[98],Air Quality is Good
[6],[99],Air Quality is Good
[7],[0],Air Quality is Moderate
[7],[1],Air Quality is Moderate
[7],[2],Air Quality is Moderate
[7],[3],Air Quality is Moderate
[7],[4],Air Quality is Moderate
[7],[5],Air Quality is Moderate
[7],[6],Air Quality is Moderate
[7],[7],Air Quality is Moderate
[7],[8],Air Quality is Moderate
[7],[9],Air Quality is Moderate
[7],[10],Air Quality is Moderate
[7],[11],Air Quality is Moderate
[7],[12],Air Quality is Moderate
[7],[13],Air Quality is Moderate
[7],[14],Air Quality is Moderate
[7],[15],Air Quality is Moderate
[7],[16],Air Quality is Moderate
[7],[17],Air Quality is Moderate
[7],[18],Air Quality is Moderate
[7],[19],Air Quality is Moderate
[7],[20],Air Quality is Moderate
[7],[21],Air Quality is Moderate
[7],[22],Air Quality is Moderate
[7],[23],Air Quality is Moderate
[7],[24],Air Quality is Moderate
[7],[25],Air Quality is Moderate
[7],[26],Air Quality is Moderate
[7],[27],Air Quality is Moderate
[7],[28],Air Quality is Moderate
[7],[29],Air Quality is Moderate
[7],[30],Air Quality is Moderate
[7],[31],Air Quality is Moderate
[7],[32],Air Quality is Moderate
[7],[33],Air Quality is Moderate
[7],[34],Air Quality is Moderate
[7],[35],Air Quality is Moderate
[7],[36],Air Quality is Moderate
[7],[37],Air Quality is Unhealthy for sensitive group
[7],[38],Air Quality is Moderate
[7],[39],Air Quality is Moderate
[7],[40],Air Quality is Moderate
[7],[41],Air Quality is Moderate
[7],[42],Air Quality is Moderate
[7],[43],Air Quality is Moderate
[7],[44],Air Quality is Moderate
[7],[45],Air Quality is Moderate
[7],[46],Air Quality is Moderate
[7],[47],Air Quality is Moderate
[7],[48],Air Quality is Moderate
[7],[49],Air Quality is Moderate
[7],[50],Air Quality is Moderate
[7],[51],Air Quality is Moderate
[7],[52],Air Quality is Moderate
[7],[53],Air Quality is Moderate
[7],[54],Air Quality is Moderate
[7],[55],Air Quality is Moderate
[7],[56],Air Quality is Moderate
[7],[57],Air Quality is Moderate
[7],[58],Air Quality is Moderate
[7],[59],Air Quality is Moderate
[7],[60],Air Quality is Moderate
[7],[61],Air Quality is Moderate
[7],[62],Air Quality is Moderate
[7],[63],Air Quality is Moderate
[7],[64],Air Quality is Moderate
[7],[65],Air Quality is Moderate
[7],[66],Air Quality is Moderate
[7],[67],Air Quality is Moderate
[7],[68],Air Quality is Moderate
[7],[69],Air Quality is Moderate
[7],[70],Air Quality is Moderate
[7],[71],Air Quality is Good
[7],[72],Air Quality is Good
[7],[73],Air Quality is Moderate
[7],[74],Air Quality is Moderate
[7],[75],Air Quality is Moderate
[7],[76],Air Quality is Moderate
[7],[77],Air Quality is Moderate
[7],[78],Air Quality is Moderate
[7],[79],Air Quality is Moderate
[7],[80],Air Quality is Moderate
[7],[81],Air Quality is Moderate
[7],[82],Air Quality is Moderate
[7],[83],Air Quality is Moderate
[7],[84],Air Quality is Moderate
[7],[85],Air Quality is Moderate
[7],[86],Air Quality is Moderate
[7],[87],Air Quality is Moderate
[7],[88],Air Quality is Moderate
[7],[89],Air Quality is Moderate
[7],[90],Air Quality is Moderate
[7],[91],Air Quality is Moderate
[7],[92],Air Quality is Moderate
[7],[93],Air Quality is Moderate
[7],[94],Air Quality is Moderate
[7],[95],Air Quality is Moderate
[7],[96],Air Quality is Moderate
[7],[97],Air Quality is Moderate
[7],[98],Air Quality is Moderate
[7],[99],Air Quality is Moderate
[8],[0],Air Quality is Moderate
[8],[1],Air Quality is Moderate
[8],[2],Air Quality is Moderate
[8],[3],Air Quality is Moderate
[8],[4],Air Quality is Moderate
[8],[5],Air Quality is Moderate
[8],[6],Air Quality is Moderate
[8],[7],Air Quality is Moderate
[8],[8],Air Quality is Moderate
[8],[9],Air Quality is Moderate
[8],[10],Air Quality is Moderate
[8],[11],Air Quality is Moderate
[8],[12],Air Quality is Moderate
[8],[13],Air Quality is Moderate
[8],[14],Air Quality is Moderate
[8],[15],Air Quality is Moderate
[8],[16],Air Quality is Moderate
[8],[17],Air Quality is Moderate
[8],[18],Air Quality is Moderate
[8],[19],Air Quality is Moderate
[8],[20],Air Quality is Moderate
[8],[21],Air Quality is Moderate
[8],[22],Air Quality is Moderate
[8],[23],Air Quality is Moderate
[8],[24],Air Quality is Moderate
[8],[25],Air Quality is Moderate
[8],[26],Air Quality is Moderate
[8],[27],Air Quality is Moderate
[8],[28],Air Quality is Moderate
[8],[29],Air Quality is Moderate
[8],[30],Air Quality is Moderate
[8],[31],Air Quality is Moderate
[8],[32],Air Quality is Moderate
[8],[33],Air Quality is Moderate
[8],[34],Air Quality is Moderate
[8],[35],Air Quality is Moderate
[8],[36],Air Quality is Moderate
[8],[37],Air Quality is Unhealthy for sensitive group
[8],[38],Air Quality is Moderate
[8],[39],Air Quality is Moderate
[8],[40],Air Quality is Moderate
[8],[41],Air Quality is Moderate
[8],[42],Air Quality is Moderate
[8],[43],Air Quality is Moderate
[8],[44],Air Quality is Moderate
[8],[45],Air Quality is Moderate
[8],[46],Air Quality is Moderate
[8],[47],Air Quality is Moderate
[8],[48],Air Quality is Moderate
[8],[49],Air Quality is Moderate
[8],[50],Air Quality is Moderate
[8],[51],Air Quality is Moderate
[8],[52],Air Quality is Moderate
[8],[53],Air Quality is Moderate
[8],[54],Air Quality is Moderate
[8],[55],Air Quality is Moderate
[8],[56],Air Quality is Moderate
[8],[57],Air Quality is Moderate
[8],[58],Air Quality is Moderate
[8],[59],Air Quality is Moderate
[8],[60],Air Quality is Moderate
[8],[61],Air Quality is Moderate
[8],[62],Air Quality is Moderate
[8],[63],Air Quality is Moderate
[8],[64],Air Quality is Moderate
[8],[65],Air Quality is Moderate
[8],[66],Air Quality is Moderate
[8],[67],Air Quality is Moderate
[8],[68],Air Quality is Moderate
[8],[69],Air Quality is Moderate
[8],[70],Air Quality is Moderate
[8],[71],Air Quality is Good
[8],[72],Air Quality is Good
[8],[73],Air Quality is Moderate
[8],[74],Air Quality is Moderate
[8],[75],Air Quality is Moderate
[8],[76],Air Quality is Moderate
[8],[77],Air Quality is Moderate
[8],[78],Air Quality is Moderate
[8],[79],Air Quality is Moderate
[8],[80],Air Quality is Moderate
[8],[81],Air Quality is Moderate
[8],[82],Air Quality is Moderate
[8],[83],Air Quality is Moderate
[8],[84],Air Quality is Moderate
[8],[85],Air Quality is Moderate
[8],[86],Air Quality is Moderate
[8],[87],Air Quality is Moderate
[8],[88],Air Quality is Moderate
[8],[89],Air Quality is Moderate
[8],[90],Air Quality is Moderate
[8],[91],Air Quality is Moderate
[8],[92],Air Quality is Moderate
[8],[93],Air Quality is Moderate
[8],[94],Air Quality is Moderate
[8],[95],Air Quality is Moderate
[8],[96],Air Quality is Moderate
[8],[97],Air Quality is Moderate
[8],[98],Air Quality is Moderate
[8],[99],Air Quality is Moderate
[9],[0],Air Quality is Moderate
[9],[1],Air Quality is Moderate
[9],[2],Air Quality is Moderate
[9],[3],Air Quality is Moderate
[9],[4],Air Quality is Moderate
[9],[5],Air Quality is Moderate
[9],[6],Air Quality is Moderate
[9],[7],Air Quality is Moderate
[9],[8],Air Quality is Moderate
[9],[9],Air Quality is Moderate
[9],[10],Air Quality is Moderate
[9],[11],Air Quality is Moderate
[9],[12],Air Quality is Moderate
[9],[13],Air Quality is Moderate
[9],[14],Air Quality is Moderate
[9],[15],Air Quality is Moderate
[9],[16],Air Quality is Moderate
[9],[17],Air Quality is Moderate
[9],[18],Air Quality is Moderate
[9],[19],Air Quality is Moderate
[9],[20],Air Quality is Moderate
[9],[21],Air Quality is Moderate
[9],[22],Air Quality is Moderate
[9],[23],Air Quality is Moderate
[9],[24],Air Quality is Moderate
[9],[25],Air Quality is Moderate
[9],[26],Air Quality is Moderate
[9],[27],Air Quality is Moderate
[9],[28],Air Quality is Moderate
[9],[29],Air Quality is Moderate
[9],[30],Air Quality is Moderate
[9],[31],Air Quality is Moderate
[9],[32],Air Quality is Moderate
[9],[33],Air Quality is Moderate
[9],[34],Air Quality is Moderate
[9],[35],Air Quality is Moderate
[9],[36],Air Quality is Moderate
[9],[37],Air Quality is Unhealthy for sensitive group
[9],[38],Air Quality is Moderate
[9],[39],Air Quality is Moderate
[9],[40],Air Quality is Moderate
[9],[41],Air Quality is Moderate
[9],[42],Air Quality is Moderate
[9],[43],Air Quality is Moderate
[9],[44],Air Quality is Moderate
[9],[45],Air Quality is Moderate
[9],[46],Air Quality is Moderate
[9],[47],Air Quality is Moderate
[9],[48],Air Quality is Moderate
[9],[49],Air Quality is Moderate
[9],[50],Air Quality is Moderate
[9],[51],Air Quality is Moderate
[9],[52],Air Quality is Moderate
[9],[53],Air Quality is Moderate
[9],[54],Air Quality is Moderate
[9],[55],Air Quality is Moderate
[9],[56],Air Quality is Moderate
[9],[57],Air Quality is Moderate
[9],[58],Air Quality is Moderate
[9],[59],Air Quality is Moderate
[9],[60],Air Quality is Moderate
[9],[61],Air Quality is Moderate
[9],[62],Air Quality is Moderate
[9],[63],Air Quality is Moderate
[9],[64],Air Quality is Unhealthy for sensitive group
[9],[65],Air Quality is Good
[9],[66],Air Quality is Good
[9],[67],Air Quality is Moderate
[9],[68],Air Quality is Moderate
[9],[69],Air Quality is Moderate
[9],[70],Air Quality is Moderate
[9],[71],Air Quality is Good
[9],[72],Air Quality is Good
[9],[73],Air Quality is Moderate
[9],[74],Air Quality is Moderate
[9],[75],Air Quality is Moderate
[9],[76],Air Quality is Moderate
[9],[77],Air Quality is Moderate
[9],[78],Air Quality is Moderate
[9],[79],Air Quality is Moderate
[9],[80],Air Quality is Moderate
[9],[81],Air Quality is Moderate
[9],[82],Air Quality is Moderate
[9],[83],Air Quality is Moderate
[9],[84],Air Quality is Moderate
[9],[85],Air Quality is Moderate
[9],[86],Air Quality is Moderate
[9],[87],Air Quality is Moderate
[9],[88],Air Quality is Moderate
[9],[89],Air Quality is Moderate
[9],[90],Air Quality is Moderate
[9],[91],Air Quality is Moderate
[9],[92],Air Quality is Moderate
[9],[93],Air Quality is Moderate
[9],[94],Air Quality is Moderate
[9],[95],Air Quality is Moderate
[9],[96],Air Quality is Moderate
[9],[97],Air Quality is Moderate
[9],[98],Air Quality is Moderate
[9],[99],Air Quality is Moderate
[10],[0],Air Quality is Moderate
[10],[1],Air Quality is Moderate
[10],[2],Air Quality is Moderate
[10],[3],Air Quality is Moderate
[10],[4],Air Quality is Moderate
[10],[5],Air Quality is Moderate
[10],[6],Air Quality is Moderate
[10],[7],Air Quality is Moderate
[10],[8],Air Quality is Moderate
[10],[9],Air Quality is Moderate
[10],[10],Air Quality is Moderate
[10],[11],Air Quality is Moderate
[10],[12],Air Quality is Moderate
[10],[13],Air Quality is Moderate
[10],[14],Air Quality is Moderate
[10],[15],Air Quality is Moderate
[10],[16],Air Quality is Moderate
[10],[17],Air Quality is Moderate
[10],[18],Air Quality is Moderate
[10],[19],Air Quality is Moderate
[10],[20],Air Quality is Moderate
[10],[21],Air Quality is Moderate
[10],[22],Air Quality is Moderate
[10],[23],Air Quality is Moderate
[10],[24],Air Quality is Moderate
[10],[25],Air Quality is Moderate
[10],[26],Air Quality is Moderate
[10],[27],Air Quality is Moderate
[10],[28],Air Quality is Moderate
[10],[29],Air Quality is Moderate
[10],[30],Air Quality is Moderate
[10],[31],Air Quality is Moderate
[10],[32],Air Quality is Moderate
[10],[33],Air Quality is Moderate
[10],[34],Air Quality is Moderate
[10],[35],Air Quality is Moderate
[10],[36],Air Quality is Moderate
[10],[37],Air Quality is Unhealthy for sensitive group
[10],[38],Air Quality is Moderate
[10],[39],Air Quality is Moderate
[10],[40],Air Quality is Moderate
[10],[41],Air Quality is Moderate
[10],[42],Air Quality is Moderate
[10],[43],Air Quality is Moderate
[10],[44],Air Quality is Moderate
[10],[45],Air Quality is Moderate
[10],[46],Air Quality is Moderate
[10],[47],Air Quality is Moderate
[10],[48],Air Quality is Moderate
[10],[49],Air Quality is Moderate
[10],[50],Air Quality is Moderate
[10],[51],Air Quality is Moderate
[10],[52],Air Quality is Moderate
[10],[53],Air Quality is Moderate
[10],[54],Air Quality is Moderate
[10],[55],Air Quality is Moderate
[10],[56],Air Quality is Moderate
[10],[57],Air Quality is Moderate
[10],[58],Air Quality is Moderate
[10],[59],Air Quality is Moderate
[10],[60],Air Quality is Unhealthy
[10],[61],Air Quality is Good
[10],[62],Air Quality is Moderate
[10],[63],Air Quality is Moderate
[10],[64],Air Quality is Unhealthy for sensitive group
[10],[65],Air Quality is Good
[10],[66],Air Quality is Moderate
[10],[67],Air Quality is Moderate
[10],[68],Air Quality is Moderate
[10],[69],Air Quality is Moderate
[10],[70],Air Quality is Moderate
[10],[71],Air Quality is Good
[10],[72],Air Quality is Good
[10],[73],Air Quality is Moderate
[10],[74],Air Quality is Moderate
[10],[75],Air Quality is Moderate
[10],[76],Air Quality is Moderate
[10],[77],Air Quality is Moderate
[10],[78],Air Quality is Moderate
[10],[79],Air Quality is Moderate
[10],[80],Air Quality is Moderate
[10],[81],Air Quality is Moderate
[10],[82],Air Quality is Moderate
[10],[83],Air Quality is Moderate
[10],[84],Air Quality is Moderate
[10],[85],Air Quality is Moderate
[10],[86],Air Quality is Moderate
[10],[87],Air Quality is Moderate
[10],[88],Air Quality is Moderate
[10],[89],Air Quality is Moderate
[10],[90],Air Quality is Moderate
[10],[91],Air Quality is Moderate
[10],[92],Air Quality is Moderate
[10],[93],Air Quality is Moderate
[10],[94],Air Quality is Moderate
[10],[95],Air Quality is Moderate
[10],[96],Air Quality is Moderate
[10],[97],Air Quality is Moderate
[10],[98],Air Quality is Moderate
[10],[99],Air Quality is Moderate
[11],[0],Air Quality is Moderate
[11],[1],Air Quality is Moderate
[11],[2],Air Quality is Moderate
[11],[3],Air Quality is Moderate
[11],[4],Air Quality is Moderate
[11],[5],Air Quality is Moderate
[11],[6],Air Quality is Moderate
[11],[7],Air Quality is Moderate
[11],[8],Air Quality is Moderate
[11],[9],Air Quality is Moderate
[11],[10],Air Quality is Moderate
[11],[11],Air Quality is Moderate
[11],[12],Air Quality is Moderate
[11],[13],Air Quality is Moderate
[11],[14],Air Quality is Moderate
[11],[15],Air Quality is Moderate
[11],[16],Air Quality is Moderate
[11],[17],Air Quality is Moderate
[11],[18],Air Quality is Moderate
[11],[19],Air Quality is Moderate
[11],[20],Air Quality is Moderate
[11],[21],Air Quality is Moderate
[11],[22],Air Quality is Moderate
[11],[23],Air Quality is Moderate
[11],[24],Air Quality is Moderate
[11],[25],Air Quality is Moderate
[11],[26],Air Quality is Moderate
[11],[27],Air Quality is Moderate
[11],[28],Air Quality is Moderate
[11],[29],Air Quality is Moderate
[11],[30],Air Quality is Moderate
[11],[31],Air Quality is Moderate
[11],[32],Air Quality is Moderate
[11],[33],Air Quality is Moderate
[11],[34],Air Quality is Moderate
[11],[35],Air Quality is Moderate
[11],[36],Air Quality is Moderate
[11],[37],Air Quality is Unhealthy for sensitive group
[11],[38],Air Quality is Moderate
[11],[39],Air Quality is Moderate
[11],[40],Air Quality is Moderate
[11],[41],Air Quality is Moderate
[11],[42],Air Quality is Moderate
[11],[43],Air Quality is Moderate
[11],[44],Air Quality is Moderate
[11],[45],Air Quality is Moderate
[11],[46],Air Quality is Moderate
[11],[47],Air Quality is Moderate
[11],[48],Air Quality is Moderate
[11],[49],Air Quality is Moderate
[11],[50],Air Quality is Moderate
[11],[51],Air Quality is Moderate
[11],[52],Air Quality is Moderate
[11],[53],Air Quality is Good
[11],[54],Air Quality is Good
[11],[55],Air Quality is Moderate
[11],[56],Air Quality is Moderate
[11],[57],Air Quality is Moderate
[11],[58],Air Quality is Moderate
[11],[59],Air Quality is Moderate
[11],[60],Air Quality is Moderate
[11],[61],Air Quality is Moderate
[11],[62],Air Quality is Moderate
[11],[63],Air Quality is Moderate
[11],[64],Air Quality is Unhealthy for sensitive group
[11],[65],Air Quality is Good
[11],[66],Air Quality is Moderate
[11],[67],Air Quality is Moderate
[11],[68],Air Quality is Moderate
[11],[69],Air Quality is Moderate
[11],[70],Air Quality is Moderate
[11],[71],Air Quality is Good
[11],[72],Air Quality is Good
[11],[73],Air Quality is Moderate
[11],[74],Air Quality is Moderate
[11],[75],Air Quality is Moderate
[11],[76],Air Quality is Moderate
[11],[77],Air Quality is Moderate
[11],[78],Air Quality is Moderate
[11],[79],Air Quality is Moderate
[11],[80],Air Quality is Moderate
[11],[81],Air Quality is Moderate
[11],[82],Air Quality is Moderate
[11],[83],Air Quality is Moderate
[11],[84],Air Quality is Moderate
[11],[85],Air Quality is Moderate
[11],[86],Air Quality is Moderate
[11],[87],Air Quality is Moderate
[11],[88],Air Quality is Moderate
[11],[89],Air Quality is Moderate
[11],[90],Air Quality is Moderate
[11],[91],Air Quality is Moderate
[11],[92],Air Quality is Moderate
[11],[93],Air Quality is Moderate
[11],[94],Air Quality is Moderate
[11],[95],Air Quality is Moderate
[11],[96],Air Quality is Moderate
[11],[97],Air Quality is Moderate
[11],[98],Air Quality is Moderate
[11],[99],Air Quality is Moderate
[12],[0],Air Quality is Moderate
[12],[1],Air Quality is Moderate
[12],[2],Air Quality is Moderate
[12],[3],Air Quality is Moderate
[12],[4],Air Quality is Moderate
[12],[5],Air Quality is Moderate
[12],[6],Air Quality is Moderate
[12],[7],Air Quality is Moderate
[12],[8],Air Quality is Moderate
[12],[9],Air Quality is Moderate
[12],[10],Air Quality is Moderate
[12],[11],Air Quality is Moderate
[12],[12],Air Quality is Moderate
[12],[13],Air Quality is Moderate
[12],[14],Air Quality is Moderate
[12],[15],Air Quality is Moderate
[12],[16],Air Quality is Moderate
[12],[17],Air Quality is Moderate
[12],[18],Air Quality is Moderate
[12],[19],Air Quality is Moderate
[12],[20],Air Quality is Moderate
[12],[21],Air Quality is Moderate
[12],[22],Air Quality is Moderate
[12],[23],Air Quality is Moderate
[12],[24],Air Quality is Moderate
[12],[25],Air Quality is Moderate
[12],[26],Air Quality is Moderate
[12],[27],Air Quality is Moderate
[12],[28],Air Quality is Moderate
[12],[29],Air Quality is Moderate
[12],[30],Air Quality is Moderate
[12],[31],Air Quality is Moderate
[12],[32],Air Quality is Moderate
[12],[33],Air Quality is Moderate
[12],[34],Air Quality is Moderate
[12],[35],Air Quality is Moderate
[12],[36],Air Quality is Moderate
[12],[37],Air Quality is Unhealthy for sensitive group
[12],[38],Air Quality is Moderate
[12],[39],Air Quality is Moderate
[12],[40],Air Quality is Moderate
[12],[41],Air Quality is Moderate
[12],[42],Air Quality is Moderate
[12],[43],Air Quality is Moderate
[12],[44],Air Quality is Moderate
[12],[45],Air Quality is Moderate
[12],[46],Air Quality is Moderate
[12],[47],Air Quality is Moderate
[12],[48],Air Quality is Good
[12],[49],Air Quality is Good
[12],[50],Air Quality is Good
[12],[51],Air Quality is Good
[12],[52],Air Quality is Good
[12],[53],Air Quality is Good
[12],[54],Air Quality is Good
[12],[55],Air Quality is Moderate
[12],[56],Air Quality is Moderate
[12],[57],Air Quality is Moderate
[12],[58],Air Quality is Moderate
[12],[59],Air Quality is Moderate
[12],[60],Air Quality is Moderate
[12],[61],Air Quality is Moderate
[12],[62],Air Quality is Good
[12],[63],Air Quality is Good
[12],[64],Air Quality is Good
[12],[65],Air Quality is Good
[12],[66],Air Quality is Good
[12],[67],Air Quality is Moderate
[12],[68],Air Quality is Moderate
[12],[69],Air Quality is Moderate
[12],[70],Air Quality is Moderate
[12],[71],Air Quality is Good
[12],[72],Air Quality is Good
[12],[73],Air Quality is Moderate
[12],[74],Air Quality is Moderate
[12],[75],Air Quality is Moderate
[12],[76],Air Quality is Moderate
[12],[77],Air Quality is Moderate
[12],[78],Air Quality is Moderate
[12],[79],Air Quality is Moderate
[12],[80],Air Quality is Moderate
[12],[81],Air Quality is Moderate
[12],[82],Air Quality is Moderate
[12],[83],Air Quality is Moderate
[12],[84],Air Quality is Moderate
[12],[85],Air Quality is Moderate
[12],[86],Air Quality is Moderate
[12],[87],Air Quality is Moderate
[12],[88],Air Quality is Moderate
[12],[89],Air Quality is Moderate
[12],[90],Air Quality is Moderate
[12],[91],Air Quality is Moderate
[12],[92],Air Quality is Moderate
[12],[93],Air Quality is Moderate
[12],[94],Air Quality is Moderate
[12],[95],Air Quality is Moderate
[12],[96],Air Quality is Moderate
[12],[97],Air Quality is Moderate
[12],[98],Air Quality is Moderate
[12],[99],Air Quality is Moderate
[13],[0],Air Quality is Moderate
[13],[1],Air Quality is Moderate
[13],[2],Air Quality is Moderate
[13],[3],Air Quality is Moderate
[13],[4],Air Quality is Moderate
[13],[5],Air Quality is Moderate
[13],[6],Air Quality is Moderate
[13],[7],Air Quality is Moderate
[13],[8],Air Quality is Moderate
[13],[9],Air Quality is Moderate
[13],[10],Air Quality is Moderate
[13],[11],Air Quality is Moderate
[13],[12],Air Quality is Moderate
[13],[13],Air Quality is Moderate
[13],[14],Air Quality is Moderate
[13],[15],Air Quality is Moderate
[13],[16],Air Quality is Moderate
[13],[17],Air Quality is Moderate
[13],[18],Air Quality is Moderate
[13],[19],Air Quality is Moderate
[13],[20],Air Quality is Moderate
[13],[21],Air Quality is Moderate
[13],[22],Air Quality is Moderate
[13],[23],Air Quality is Moderate
[13],[24],Air Quality is Moderate
[13],[25],Air Quality is Moderate
[13],[26],Air Quality is Moderate
[13],[27],Air Quality is Moderate
[13],[28],Air Quality is Moderate
[13],[29],Air Quality is Moderate
[13],[30],Air Quality is Moderate
[13],[31],Air Quality is Moderate
[13],[32],Air Quality is Moderate
[13],[33],Air Quality is Moderate
[13],[34],Air Quality is Moderate
[13],[35],Air Quality is Moderate
[13],[36],Air Quality is Moderate
[13],[37],Air Quality is Unhealthy for sensitive group
[13],[38],Air Quality is Moderate
[13],[39],Air Quality is Moderate
[13],[40],Air Quality is Moderate
[13],[41],Air Quality is Moderate
[13],[42],Air Quality is Moderate
[13],[43],Air Quality is Moderate
[13],[44],Air Quality is Moderate
[13],[45],Air Quality is Moderate
[13],[46],Air Quality is Moderate
[13],[47],Air Quality is Moderate
[13],[48],Air Quality is Good
[13],[49],Air Quality is Good
[13],[50],Air Quality is Good
[13],[51],Air Quality is Good
[13],[52],Air Quality is Good
[13],[53],Air Quality is Good
[13],[54],Air Quality is Good
[13],[55],Air Quality is Good
[13],[56],Air Quality is Good
[13],[57],Air Quality is Good
[13],[58],Air Quality is Moderate
[13],[59],Air Quality is Moderate
[13],[60],Air Quality is Good
[13],[61],Air Quality is Good
[13],[62],Air Quality is Good
[13],[63],Air Quality is Good
[13],[64],Air Quality is Good
[13],[65],Air Quality is Good
[13],[66],Air Quality is Moderate
[13],[67],Air Quality is Moderate
[13],[68],Air Quality is Moderate
[13],[69],Air Quality is Moderate
[13],[70],Air Quality is Moderate
[13],[71],Air Quality is Good
[13],[72],Air Quality is Good
[13],[73],Air Quality is Moderate
[13],[74],Air Quality is Moderate
[13],[75],Air Quality is Moderate
[13],[76],Air Quality is Moderate
[13],[77],Air Quality is Moderate
[13],[78],Air Quality is Moderate
[13],[79],Air Quality is Moderate
[13],[80],Air Quality is Moderate
[13],[81],Air Quality is Moderate
[13],[82],Air Quality is Moderate
[13],[83],Air Quality is Moderate
[13],[84],Air Quality is Moderate
[13],[85],Air Quality is Moderate
[13],[86],Air Quality is Moderate
[13],[87],Air Quality is Moderate
[13],[88],Air Quality is Moderate
[13],[89],Air Quality is Moderate
[13],[90],Air Quality is Moderate
[13],[91],Air Quality is Moderate
[13],[92],Air Quality is Moderate
[13],[93],Air Quality is Moderate
[13],[94],Air Quality is Moderate
[13],[95],Air Quality is Moderate
[13],[96],Air Quality is Moderate
[13],[97],Air Quality is Moderate
[13],[98],Air Quality is Moderate
[13],[99],Air Quality is Moderate
[14],[0],Air Quality is Moderate
[14],[1],Air Quality is Moderate
[14],[2],Air Quality is Moderate
[14],[3],Air Quality is Moderate
[14],[4],Air Quality is Moderate
[14],[5],Air Quality is Moderate
[14],[6],Air Quality is Moderate
[14],[7],Air Quality is Moderate
[14],[8],Air Quality is Moderate
[14],[9],Air Quality is Moderate
[14],[10],Air Quality is Moderate
[14],[11],Air Quality is Moderate
[14],[12],Air Quality is Moderate
[14],[13],Air Quality is Moderate
[14],[14],Air Quality is Moderate
[14],[15],Air Quality is Moderate
[14],[16],Air Quality is Moderate
[14],[17],Air Quality is Moderate
[14],[18],Air Quality is Moderate
[14],[19],Air Quality is Moderate
[14],[20],Air Quality is Moderate
[14],[21],Air Quality is Moderate
[14],[22],Air Quality is Moderate
[14],[23],Air Quality is Moderate
[14],[24],Air Quality is Moderate
[14],[25],Air Quality is Moderate
[14],[26],Air Quality is Moderate
[14],[27],Air Quality is Moderate
[14],[28],Air Quality is Moderate
[14],[29],Air Quality is Moderate
[14],[30],Air Quality is Moderate
[14],[31],Air Quality is Moderate
[14],[32],Air Quality is Moderate
[14],[33],Air Quality is Moderate
[14],[34],Air Quality is Moderate
[14],[35],Air Quality is Moderate
[14],[36],Air Quality is Moderate
[14],[37],Air Quality is Unhealthy for sensitive group
[14],[38],Air Quality is Moderate
[14],[39],Air Quality is Moderate
[14],[40],Air Quality is Moderate
[14],[41],Air Quality is Moderate
[14],[42],Air Quality is Moderate
[14],[43],Air Quality is Moderate
[14],[44],Air Quality is Moderate
[14],[45],Air Quality is Moderate
[14],[46],Air Quality is Moderate
[14],[47],Air Quality is Moderate
[14],[48],Air Quality is Good
[14],[49],Air Quality is Good
[14],[50],Air Quality is Good
[14],[51],Air Quality is Good
[14],[52],Air Quality is Good
[14],[53],Air Quality is Good
[14],[54],Air Quality is Good
[14],[55],Air Quality is Good
[14],[56],Air Quality is Good
[14],[57],Air Quality is Good
[14],[58],Air Quality is Good
[14],[59],Air Quality is Moderate
[14],[60],Air Quality is Good
[14],[61],Air Quality is Good
[14],[62],Air Quality is Good
[14],[63],Air Quality is Good
[14],[64],Air Quality is Good
[14],[65],Air Quality is Moderate
[14],[66],Air Quality is Moderate
[14],[67],Air Quality is Moderate
[14],[68],Air Quality is Moderate
[14],[69],Air Quality is Moderate
[14],[70],Air Quality is Moderate
[14],[71],Air Quality is Good
[14],[72],Air Quality is Good
[14],[73],Air Quality is Moderate
[14],[74],Air Quality is Moderate
[14],[75],Air Quality is Moderate
[14],[76],Air Quality is Moderate
[14],[77],Air Quality is Moderate
[14],[78],Air Quality is Moderate
[14],[79],Air Quality is Moderate
[14],[80],Air Quality is Moderate
[14],[81],Air Quality is Moderate
[14],[82],Air Quality is Moderate
[14],[83],Air Quality is Moderate
[14],[84],Air Quality is Moderate
[14],[85],Air Quality is Moderate
[14],[86],Air Quality is Moderate
[14],[87],Air Quality is Moderate
[14],[88],Air Quality is Moderate
[14],[89],Air Quality is Moderate
[14],[90],Air Quality is Moderate
[14],[91],Air Quality is Moderate
[14],[92],Air Quality is Moderate
[14],[93],Air Quality is Moderate
[14],[94],Air Quality is Moderate
[14],[95],Air Quality is Moderate
[14],[96],Air Quality is Moderate
[14],[97],Air Quality is Moderate
[14],[98],Air Quality is Moderate
[14],[99],Air Quality is Moderate
[15],[0],Air Quality is Moderate
[15],[1],Air Quality is Moderate
[15],[2],Air Quality is Moderate
[15],[3],Air Quality is Moderate
[15],[4],Air Quality is Moderate
[15],[5],Air Quality is Moderate
[15],[6],Air Quality is Moderate
[15],[7],Air Quality is Moderate
[15],[8],Air Quality is Moderate
[15],[9],Air Quality is Moderate
[15],[10],Air Quality is Moderate
[15],[11],Air Quality is Moderate
[15],[12],Air Quality is Moderate
[15],[13],Air Quality is Moderate
[15],[14],Air Quality is Moderate
[15],[15],Air Quality is Moderate
[15],[16],Air Quality is Moderate
[15],[17],Air Quality is Moderate
[15],[18],Air Quality is Moderate
[15],[19],Air Quality is Moderate
[15],[20],Air Quality is Moderate
[15],[21],Air Quality is Moderate
[15],[22],Air Quality is Moderate
[15],[23],Air Quality is Moderate
[15],[24],Air Quality is Moderate
[15],[25],Air Quality is Moderate
[15],[26],Air Quality is Moderate
[15],[27],Air Quality is Moderate
[15],[28],Air Quality is Moderate
[15],[29],Air Quality is Moderate
[15],[30],Air Quality is Moderate
[15],[31],Air Quality is Moderate
[15],[32],Air Quality is Moderate
[15],[33],Air Quality is Moderate
[15],[34],Air Quality is Moderate
[15],[35],Air Quality is Moderate
[15],[36],Air Quality is Moderate
[15],[37],Air Quality is Unhealthy for sensitive group
[15],[38],Air Quality is Moderate
[15],[39],Air Quality is Moderate
[15],[40],Air Quality is Moderate
[15],[41],Air Quality is Moderate
[15],[42],Air Quality is Moderate
[15],[43],Air Quality is Moderate
[15],[44],Air Quality is Moderate
[15],[45],Air Quality is Moderate
[15],[46],Air Quality is Moderate
[15],[47],Air Quality is Moderate
[15],[48],Air Quality is Good
[15],[49],Air Quality is Good
[15],[50],Air Quality is Good
[15],[51],Air Quality is Good
[15],[52],Air Quality is Good
[15],[53],Air Quality is Good
[15],[54],Air Quality is Good
[15],[55],Air Quality is Good
[15],[56],Air Quality is Good
[15],[57],Air Quality is Good
[15],[58],Air Quality is Good
[15],[59],Air Quality is Unhealthy for sensitive group
[15],[60],Air Quality is Unhealthy for sensitive group
[15],[61],Air Quality is Unhealthy for sensitive group
[15],[62],Air Quality is Unhealthy for sensitive group
[15],[63],Air Quality is Unhealthy for sensitive group
[15],[64],Air Quality is Unhealthy for sensitive group
[15],[65],Air Quality is Moderate
[15],[66],Air Quality is Moderate
[15],[67],Air Quality is Moderate
[15],[68],Air Quality is Moderate
[15],[69],Air Quality is Moderate
[15],[70],Air Quality is Moderate
[15],[71],Air Quality is Good
[15],[72],Air Quality is Good
[15],[73],Air Quality is Moderate
[15],[74],Air Quality is Moderate
[15],[75],Air Quality is Moderate
[15],[76],Air Quality is Moderate
[15],[77],Air Quality is Moderate
[15],[78],Air Quality is Moderate
[15],[79],Air Quality is Moderate
[15],[80],Air Quality is Moderate
[15],[81],Air Quality is Moderate
[15],[82],Air Quality is Moderate
[15],[83],Air Quality is Moderate
[15],[84],Air Quality is Moderate
[15],[85],Air Quality is Moderate
[15],[86],Air Quality is Moderate
[15],[87],Air Quality is Moderate
[15],[88],Air Quality is Moderate
[15],[89],Air Quality is Moderate
[15],[90],Air Quality is Moderate
[15],[91],Air Quality is Moderate
[15],[92],Air Quality is Moderate
[15],[93],Air Quality is Moderate
[15],[94],Air Quality is Moderate
[15],[95],Air Quality is Moderate
[15],[96],Air Quality is Moderate
[15],[97],Air Quality is Moderate
[15],[98],Air Quality is Moderate
[15],[99],Air Quality is Moderate
[16],[0],Air Quality is Moderate
[16],[1],Air Quality is Moderate
[16],[2],Air Quality is Moderate
[16],[3],Air Quality is Moderate
[16],[4],Air Quality is Moderate
[16],[5],Air Quality is Moderate
[16],[6],Air Quality is Moderate
[16],[7],Air Quality is Moderate
[16],[8],Air Quality is Moderate
[16],[9],Air Quality is Moderate
[16],[10],Air Quality is Moderate
[16],[11],Air Quality is Moderate
[16],[12],Air Quality is Moderate
[16],[13],Air Quality is Moderate
[16],[14],Air Quality is Moderate
[16],[15],Air Quality is Moderate
[16],[16],Air Quality is Moderate
[16],[17],Air Quality is Moderate
[16],[18],Air Quality is Moderate
[16],[19],Air Quality is Moderate
[16],[20],Air Quality is Moderate
[16],[21],Air Quality is Moderate
[16],[22],Air Quality is Moderate
[16],[23],Air Quality is Moderate
[16],[24],Air Quality is Moderate
[16],[25],Air Quality is Moderate
[16],[26],Air Quality is Moderate
[16],[27],Air Quality is Moderate
[16],[28],Air Quality is Moderate
[16],[29],Air Quality is Moderate
[16],[30],Air Quality is Moderate
[16],[31],Air Quality is Moderate
[16],[32],Air Quality is Moderate
[16],[33],Air Quality is Moderate
[16],[34],Air Quality is Moderate
[16],[35],Air Quality is Moderate
[16],[36],Air Quality is Moderate
[16],[37],Air Quality is Unhealthy for sensitive group
[16],[38],Air Quality is Unhealthy for sensitive group
[16],[39],Air Quality is Moderate
[16],[40],Air Quality is Moderate
[16],[41],Air Quality is Moderate
[16],[42],Air Quality is Moderate
[16],[43],Air Quality is Moderate
[16],[44],Air Quality is Moderate
[16],[45],Air Quality is Moderate
[16],[46],Air Quality is Moderate
[16],[47],Air Quality is Moderate
[16],[48],Air Quality is Good
[16],[49],Air Quality is Unhealthy for sensitive group
[16],[50],Air Quality is Good
[16],[51],Air Quality is Good
[16],[52],Air Quality is Unhealthy for sensitive group
[16],[53],Air Quality is Good
[16],[54],Air Quality is Good
[16],[55],Air Quality is Good
[16],[56],Air Quality is Good
[16],[57],Air Quality is Good
[16],[58],Air Quality is Unhealthy for sensitive group
[16],[59],Air Quality is Good
[16],[60],Air Quality is Good
[16],[61],Air Quality is Good
[16],[62],Air Quality is Good
[16],[63],Air Quality is Good
[16],[64],Air Quality is Good
[16],[65],Air Quality is Good
[16],[66],Air Quality is Moderate
[16],[67],Air Quality is Good
[16],[68],Air Quality is Moderate
[16],[69],Air Quality is Moderate
[16],[70],Air Quality is Moderate
[16],[71],Air Quality is Good
[16],[72],Air Quality is Good
[16],[73],Air Quality is Moderate
[16],[74],Air Quality is Moderate
[16],[75],Air Quality is Moderate
[16],[76],Air Quality is Moderate
[16],[77],Air Quality is Moderate
[16],[78],Air Quality is Moderate
[16],[79],Air Quality is Moderate
[16],[80],Air Quality is Moderate
[16],[81],Air Quality is Moderate
[16],[82],Air Quality is Moderate
[16],[83],Air Quality is Moderate
[16],[84],Air Quality is Moderate
[16],[85],Air Quality is Moderate
[16],[86],Air Quality is Moderate
[16],[87],Air Quality is Moderate
[16],[88],Air Quality is Moderate
[16],[89],Air Quality is Moderate
[16],[90],Air Quality is Moderate
[16],[91],Air Quality is Moderate
[16],[92],Air Quality is Moderate
[16],[93],Air Quality is Moderate
[16],[94],Air Quality is Moderate
[16],[95],Air Quality is Moderate
[16],[96],Air Quality is Moderate
[16],[97],Air Quality is Moderate
[16],[98],Air Quality is Moderate
[16],[99],Air Quality is Moderate
[17],[0],Air Quality is Moderate
[17],[1],Air Quality is Moderate
[17],[2],Air Quality is Moderate
[17],[3],Air Quality is Moderate
[17],[4],Air Quality is Moderate
[17],[5],Air Quality is Moderate
[17],[6],Air Quality is Moderate
[17],[7],Air Quality is Moderate
[17],[8],Air Quality is Moderate
[17],[9],Air Quality is Moderate
[17],[10],Air Quality is Moderate
[17],[11],Air Quality is Moderate
[17],[12],Air Quality is Moderate
[17],[13],Air Quality is Moderate
[17],[14],Air Quality is Moderate
[17],[15],Air Quality is Moderate
[17],[16],Air Quality is Moderate
[17],[17],Air Quality is Moderate
[17],[18],Air Quality is Moderate
[17],[19],Air Quality is Moderate
[17],[20],Air Quality is Moderate
[17],[21],Air Quality is Moderate
[17],[22],Air Quality is Moderate
[17],[23],Air Quality is Moderate
[17],[24],Air Quality is Moderate
[17],[25],Air Quality is Moderate
[17],[26],Air Quality is Moderate
[17],[27],Air Quality is Moderate
[17],[28],Air Quality is Moderate
[17],[29],Air Quality is Moderate
[17],[30],Air Quality is Moderate
[17],[31],Air Quality is Moderate
[17],[32],Air Quality is Moderate
[17],[33],Air Quality is Moderate
[17],[34],Air Quality is Moderate
[17],[35],Air Quality is Moderate
[17],[36],Air Quality is Moderate
[17],[37],Air Quality is Unhealthy for sensitive group
[17],[38],Air Quality is Moderate
[17],[39],Air Quality is Moderate
[17],[40],Air Quality is Moderate
[17],[41],Air Quality is Moderate
[17],[42],Air Quality is Moderate
[17],[43],Air Quality is Moderate
[17],[44],Air Quality is Moderate
[17],[45],Air Quality is Moderate
[17],[46],Air Quality is Moderate
[17],[47],Air Quality is Moderate
[17],[48],Air Quality is Unhealthy for sensitive group
[17],[49],Air Quality is Unhealthy for sensitive group
[17],[50],Air Quality is Good
[17],[51],Air Quality is Good
[17],[52],Air Quality is Unhealthy for sensitive group
[17],[53],Air Quality is Good
[17],[54],Air Quality is Good
[17],[55],Air Quality is Unhealthy for sensitive group
[17],[56],Air Quality is Good
[17],[57],Air Quality is Good
[17],[58],Air Quality is Good
[17],[59],Air Quality is Good
[17],[60],Air Quality is Good
[17],[61],Air Quality is Good
[17],[62],Air Quality is Good
[17],[63],Air Quality is Good
[17],[64],Air Quality is Good
[17],[65],Air Quality is Good
[17],[66],Air Quality is Good
[17],[67],Air Quality is Good
[17],[68],Air Quality is Moderate
[17],[69],Air Quality is Moderate
[17],[70],Air Quality is Moderate
[17],[71],Air Quality is Moderate
[17],[72],Air Quality is Moderate
[17],[73],Air Quality is Moderate
[17],[74],Air Quality is Moderate
[17],[75],Air Quality is Moderate
[17],[76],Air Quality is Moderate
[17],[77],Air Quality is Moderate
[17],[78],Air Quality is Moderate
[17],[79],Air Quality is Moderate
[17],[80],Air Quality is Moderate
[17],[81],Air Quality is Moderate
[17],[82],Air Quality is Moderate
[17],[83],Air Quality is Moderate
[17],[84],Air Quality is Moderate
[17],[85],Air Quality is Moderate
[17],[86],Air Quality is Moderate
[17],[87],Air Quality is Moderate
[17],[88],Air Quality is Moderate
[17],[89],Air Quality is Moderate
[17],[90],Air Quality is Moderate
[17],[91],Air Quality is Moderate
[17],[92],Air Quality is Moderate
[17],[93],Air Quality is Moderate
[17],[94],Air Quality is Moderate
[17],[95],Air Quality is Moderate
[17],[96],Air Quality is Moderate
[17],[97],Air Quality is Moderate
[17],[98],Air Quality is Moderate
[17],[99],Air Quality is Moderate
[18],[0],Air Quality is Moderate
[18],[1],Air Quality is Moderate
[18],[2],Air Quality is Moderate
[18],[3],Air Quality is Moderate
[18],[4],Air Quality is Moderate
[18],[5],Air Quality is Moderate
[18],[6],Air Quality is Moderate
[18],[7],Air Quality is Moderate
[18],[8],Air Quality is Moderate
[18],[9],Air Quality is Moderate
[18],[10],Air Quality is Moderate
[18],[11],Air Quality is Moderate
[18],[12],Air Quality is Moderate
[18],[13],Air Quality is Moderate
[18],[14],Air Quality is Moderate
[18],[15],Air Quality is Moderate
[18],[16],Air Quality is Moderate
[18],[17],Air Quality is Moderate
[18],[18],Air Quality is Moderate
[18],[19],Air Quality is Moderate
[18],[20],Air Quality is Moderate
[18],[21],Air Quality is Moderate
[18],[22],Air Quality is Moderate
[18],[23],Air Quality is Moderate
[18],[24],Air Quality is Moderate
[18],[25],Air Quality is Moderate
[18],[26],Air Quality is Moderate
[18],[27],Air Quality is Moderate
[18],[28],Air Quality is Moderate
[18],[29],Air Quality is Moderate
[18],[30],Air Quality is Moderate
[18],[31],Air Quality is Moderate
[18],[32],Air Quality is Moderate
[18],[33],Air Quality is Moderate
[18],[34],Air Quality is Moderate
[18],[35],Air Quality is Moderate
[18],[36],Air Quality is Moderate
[18],[37],Air Quality is Unhealthy for sensitive group
[18],[38],Air Quality is Moderate
[18],[39],Air Quality is Moderate
[18],[40],Air Quality is Moderate
[18],[41],Air Quality is Moderate
[18],[42],Air Quality is Moderate
[18],[43],Air Quality is Moderate
[18],[44],Air Quality is Moderate
[18],[45],Air Quality is Moderate
[18],[46],Air Quality is Moderate
[18],[47],Air Quality is Moderate
[18],[48],Air Quality is Unhealthy for sensitive group
[18],[49],Air Quality is Unhealthy for sensitive group
[18],[50],Air Quality is Good
[18],[51],Air Quality is Unhealthy for sensitive group
[18],[52],Air Quality is Unhealthy for sensitive group
[18],[53],Air Quality is Good
[18],[54],Air Quality is Good
[18],[55],Air Quality is Good
[18],[56],Air Quality is Good
[18],[57],Air Quality is Good
[18],[58],Air Quality is Good
[18],[59],Air Quality is Good
[18],[60],Air Quality is Good
[18],[61],Air Quality is Good
[18],[62],Air Quality is Good
[18],[63],Air Quality is Good
[18],[64],Air Quality is Good
[18],[65],Air Quality is Good
[18],[66],Air Quality is Good
[18],[67],Air Quality is Good
[18],[68],Air Quality is Moderate
[18],[69],Air Quality is Moderate
[18],[70],Air Quality is Moderate
[18],[71],Air Quality is Moderate
[18],[72],Air Quality is Moderate
[18],[73],Air Quality is Moderate
[18],[74],Air Quality is Moderate
[18],[75],Air Quality is Moderate
[18],[76],Air Quality is Moderate
[18],[77],Air Quality is Moderate
[18],[78],Air Quality is Moderate
[18],[79],Air Quality is Moderate
[18],[80],Air Quality is Moderate
[18],[81],Air Quality is Moderate
[18],[82],Air Quality is Moderate
[18],[83],Air Quality is Moderate
[18],[84],Air Quality is Moderate
[18],[85],Air Quality is Moderate
[18],[86],Air Quality is Moderate
[18],[87],Air Quality is Moderate
[18],[88],Air Quality is Moderate
[18],[89],Air Quality is Moderate
[18],[90],Air Quality is Moderate
[18],[91],Air Quality is Moderate
[18],[92],Air Quality is Moderate
[18],[93],Air Quality is Moderate
[18],[94],Air Quality is Moderate
[18],[95],Air Quality is Moderate
[18],[96],Air Quality is Moderate
[18],[97],Air Quality is Moderate
[18],[98],Air Quality is Moderate
[18],[99],Air Quality is Moderate
[19],[0],Air Quality is Moderate
[19],[1],Air Quality is Moderate
[19],[2],Air Quality is Moderate
[19],[3],Air Quality is Moderate
[19],[4],Air Quality is Moderate
[19],[5],Air Quality is Moderate
[19],[6],Air Quality is Moderate
[19],[7],Air Quality is Moderate
[19],[8],Air Quality is Moderate
[19],[9],Air Quality is Moderate
[19],[10],Air Quality is Moderate
[19],[11],Air Quality is Moderate
[19],[12],Air Quality is Moderate
[19],[13],Air Quality is Moderate
[19],[14],Air Quality is Moderate
[19],[15],Air Quality is Moderate
[19],[16],Air Quality is Moderate
[19],[17],Air Quality is Moderate
[19],[18],Air Quality is Moderate
[19],[19],Air Quality is Moderate
[19],[20],Air Quality is Moderate
[19],[21],Air Quality is Moderate
[19],[22],Air Quality is Moderate
[19],[23],Air Quality is Moderate
[19],[24],Air Quality is Moderate
[19],[25],Air Quality is Moderate
[19],[26],Air Quality is Moderate
[19],[27],Air Quality is Moderate
[19],[28],Air Quality is Moderate
[19],[29],Air Quality is Moderate
[19],[30],Air Quality is Moderate
[19],[31],Air Quality is Moderate
[19],[32],Air Quality is Moderate
[19],[33],Air Quality is Moderate
[19],[34],Air Quality is Moderate
[19],[35],Air Quality is Moderate
[19],[36],Air Quality is Moderate
[19],[37],Air Quality is Unhealthy for sensitive group
[19],[38],Air Quality is Unhealthy for sensitive group
[19],[39],Air Quality is Moderate
[19],[40],Air Quality is Moderate
[19],[41],Air Quality is Moderate
[19],[42],Air Quality is Moderate
[19],[43],Air Quality is Moderate
[19],[44],Air Quality is Moderate
[19],[45],Air Quality is Moderate
[19],[46],Air Quality is Moderate
[19],[47],Air Quality is Moderate
[19],[48],Air Quality is Moderate
[19],[49],Air Quality is Unhealthy for sensitive group
[19],[50],Air Quality is Good
[19],[51],Air Quality is Unhealthy for sensitive group
[19],[52],Air Quality is Unhealthy for sensitive group
[19],[53],Air Quality is Good
[19],[54],Air Quality is Good
[19],[55],Air Quality is Good
[19],[56],Air Quality is Good
[19],[57],Air Quality is Good
[19],[58],Air Quality is Good
[19],[59],Air Quality is Good
[19],[60],Air Quality is Good
[19],[61],Air Quality is Good
[19],[62],Air Quality is Good
[19],[63],Air Quality is Good
[19],[64],Air Quality is Good
[19],[65],Air Quality is Good
[19],[66],Air Quality is Good
[19],[67],Air Quality is Good
[19],[68],Air Quality is Moderate
[19],[69],Air Quality is Moderate
[19],[70],Air Quality is Moderate
[19],[71],Air Quality is Moderate
[19],[72],Air Quality is Moderate
[19],[73],Air Quality is Moderate
[19],[74],Air Quality is Moderate
[19],[75],Air Quality is Moderate
[19],[76],Air Quality is Moderate
[19],[77],Air Quality is Moderate
[19],[78],Air Quality is Moderate
[19],[79],Air Quality is Moderate
[19],[80],Air Quality is Moderate
[19],[81],Air Quality is Moderate
[19],[82],Air Quality is Moderate
[19],[83],Air Quality is Moderate
[19],[84],Air Quality is Moderate
[19],[85],Air Quality is Moderate
[19],[86],Air Quality is Moderate
[19],[87],Air Quality is Moderate
[19],[88],Air Quality is Moderate
[19],[89],Air Quality is Moderate
[19],[90],Air Quality is Moderate
[19],[91],Air Quality is Moderate
[19],[92],Air Quality is Moderate
[19],[93],Air Quality is Moderate
[19],[94],Air Quality is Moderate
[19],[95],Air Quality is Moderate
[19],[96],Air Quality is Moderate
[19],[97],Air Quality is Moderate
[19],[98],Air Quality is Moderate
[19],[99],Air Quality is Moderate
[20],[0],Air Quality is Moderate
[20],[1],Air Quality is Moderate
[20],[2],Air Quality is Moderate
[20],[3],Air Quality is Moderate
[20],[4],Air Quality is Moderate
[20],[5],Air Quality is Moderate
[20],[6],Air Quality is Moderate
[20],[7],Air Quality is Moderate
[20],[8],Air Quality is Moderate
[20],[9],Air Quality is Moderate
[20],[10],Air Quality is Moderate
[20],[11],Air Quality is Moderate
[20],[12],Air Quality is Moderate
[20],[13],Air Quality is Moderate
[20],[14],Air Quality is Moderate
[20],[15],Air Quality is Moderate
[20],[16],Air Quality is Moderate
[20],[17],Air Quality is Moderate
[20],[18],Air Quality is Moderate
[20],[19],Air Quality is Moderate
[20],[20],Air Quality is Moderate
[20],[21],Air Quality is Moderate
[20],[22],Air Quality is Moderate
[20],[23],Air Quality is Moderate
[20],[24],Air Quality is Moderate
[20],[25],Air Quality is Moderate
[20],[26],Air Quality is Moderate
[20],[27],Air Quality is Moderate
[20],[28],Air Quality is Moderate
[20],[29],Air Quality is Moderate
[20],[30],Air Quality is Moderate
[20],[31],Air Quality is Moderate
[20],[32],Air Quality is Moderate
[20],[33],Air Quality is Moderate
[20],[34],Air Quality is Moderate
[20],[35],Air Quality is Moderate
[20],[36],Air Quality is Moderate
[20],[37],Air Quality is Unhealthy for sensitive group
[20],[38],Air Quality is Unhealthy for sensitive group
[20],[39],Air Quality is Moderate
[20],[40],Air Quality is Moderate
[20],[41],Air Quality is Moderate
[20],[42],Air Quality is Moderate
[20],[43],Air Quality is Moderate
[20],[44],Air Quality is Moderate
[20],[45],Air Quality is Moderate
[20],[46],Air Quality is Moderate
[20],[47],Air Quality is Moderate
[20],[48],Air Quality is Moderate
[20],[49],Air Quality is Moderate
[20],[50],Air Quality is Good
[20],[51],Air Quality is Good
[20],[52],Air Quality is Moderate
[20],[53],Air Quality is Good
[20],[54],Air Quality is Good
[20],[55],Air Quality is Good
[20],[56],Air Quality is Good
[20],[57],Air Quality is Good
[20],[58],Air Quality is Good
[20],[59],Air Quality is Good
[20],[60],Air Quality is Good
[20],[61],Air Quality is Good
[20],[62],Air Quality is Moderate
[20],[63],Air Quality is Good
[20],[64],Air Quality is Good
[20],[65],Air Quality is Good
[20],[66],Air Quality is Good
[20],[67],Air Quality is Good
[20],[68],Air Quality is Moderate
[20],[69],Air Quality is Moderate
[20],[70],Air Quality is Moderate
[20],[71],Air Quality is Moderate
[20],[72],Air Quality is Moderate
[20],[73],Air Quality is Moderate
[20],[74],Air Quality is Moderate
[20],[75],Air Quality is Moderate
[20],[76],Air Quality is Moderate
[20],[77],Air Quality is Moderate
[20],[78],Air Quality is Moderate
[20],[79],Air Quality is Moderate
[20],[80],Air Quality is Moderate
[20],[81],Air Quality is Moderate
[20],[82],Air Quality is Moderate
[20],[83],Air Quality is Moderate
[20],[84],Air Quality is Moderate
[20],[85],Air Quality is Moderate
[20],[86],Air Quality is Moderate
[20],[87],Air Quality is Moderate
[20],[88],Air Quality is Moderate
[20],[89],Air Quality is Moderate
[20],[90],Air Quality is Moderate
[20],[91],Air Quality is Moderate
[20],[92],Air Quality is Moderate
[20],[93],Air Quality is Moderate
[20],[94],Air Quality is Moderate
[20],[95],Air Quality is Moderate
[20],[96],Air Quality is Moderate
[20],[97],Air Quality is Moderate
[20],[98],Air Quality is Moderate
[20],[99],Air Quality is Moderate
[21],[0],Air Quality is Moderate
[21],[1],Air Quality is Moderate
[21],[2],Air Quality is Moderate
[21],[3],Air Quality is Moderate
[21],[4],Air Quality is Moderate
[21],[5],Air Quality is Moderate
[21],[6],Air Quality is Moderate
[21],[7],Air Quality is Moderate
[21],[8],Air Quality is Moderate
[21],[9],Air Quality is Moderate
[21],[10],Air Quality is Moderate
[21],[11],Air Quality is Moderate
[21],[12],Air Quality is Moderate
[21],[13],Air Quality is Moderate
[21],[14],Air Quality is Moderate
[21],[15],Air Quality is Moderate
[21],[16],Air Quality is Moderate
[21],[17],Air Quality is Moderate
[21],[18],Air Quality is Moderate
[21],[19],Air Quality is Moderate
[21],[20],Air Quality is Moderate
[21],[21],Air Quality is Moderate
[21],[22],Air Quality is Moderate
[21],[23],Air Quality is Moderate
[21],[24],Air Quality is Moderate
[21],[25],Air Quality is Moderate
[21],[26],Air Quality is Moderate
[21],[27],Air Quality is Moderate
[21],[28],Air Quality is Moderate
[21],[29],Air Quality is Moderate
[21],[30],Air Quality is Moderate
[21],[31],Air Quality is Moderate
[21],[32],Air Quality is Moderate
[21],[33],Air Quality is Moderate
[21],[34],Air Quality is Moderate
[21],[35],Air Quality is Moderate
[21],[36],Air Quality is Moderate
[21],[37],Air Quality is Moderate
[21],[38],Air Quality is Moderate
[21],[39],Air Quality is Moderate
[21],[40],Air Quality is Moderate
[21],[41],Air Quality is Moderate
[21],[42],Air Quality is Moderate
[21],[43],Air Quality is Moderate
[21],[44],Air Quality is Moderate
[21],[45],Air Quality is Moderate
[21],[46],Air Quality is Moderate
[21],[47],Air Quality is Moderate
[21],[48],Air Quality is Moderate
[21],[49],Air Quality is Moderate
[21],[50],Air Quality is Good
[21],[51],Air Quality is Moderate
[21],[52],Air Quality is Moderate
[21],[53],Air Quality is Good
[21],[54],Air Quality is Good
[21],[55],Air Quality is Good
[21],[56],Air Quality is Good
[21],[57],Air Quality is Good
[21],[58],Air Quality is Good
[21],[59],Air Quality is Good
[21],[60],Air Quality is Good
[21],[61],Air Quality is Good
[21],[62],Air Quality is Moderate
[21],[63],Air Quality is Good
[21],[64],Air Quality is Good
[21],[65],Air Quality is Good
[21],[66],Air Quality is Good
[21],[67],Air Quality is Good
[21],[68],Air Quality is Moderate
[21],[69],Air Quality is Moderate
[21],[70],Air Quality is Moderate
[21],[71],Air Quality is Good
[21],[72],Air Quality is Good
[21],[73],Air Quality is Moderate
[21],[74],Air Quality is Moderate
[21],[75],Air Quality is Moderate
[21],[76],Air Quality is Moderate
[21],[77],Air Quality is Moderate
[21],[78],Air Quality is Moderate
[21],[79],Air Quality is Moderate
[21],[80],Air Quality is Moderate
[21],[81],Air Quality is Moderate
[21],[82],Air Quality is Moderate
[21],[83],Air Quality is Moderate
[21],[84],Air Quality is Moderate
[21],[85],Air Quality is Moderate
[21],[86],Air Quality is Moderate
[21],[87],Air Quality is Moderate
[21],[88],Air Quality is Moderate
[21],[89],Air Quality is Moderate
[21],[90],Air Quality is Moderate
[21],[91],Air Quality is Moderate
[21],[92],Air Quality is Moderate
[21],[93],Air Quality is Moderate
[21],[94],Air Quality is Moderate
[21],[95],Air Quality is Moderate
[21],[96],Air Quality is Moderate
[21],[97],Air Quality is Moderate
[21],[98],Air Quality is Moderate
[21],[99],Air Quality is Moderate
[22],[0],Air Quality is Moderate
[22],[1],Air Quality is Moderate
[22],[2],Air Quality is Moderate
[22],[3],Air Quality is Moderate
[22],[4],Air Quality is Moderate
[22],[5],Air Quality is Moderate
[22],[6],Air Quality is Moderate
[22],[7],Air Quality is Moderate
[22],[8],Air Quality is Moderate
[22],[9],Air Quality is Moderate
[22],[10],Air Quality is Moderate
[22],[11],Air Quality is Moderate
[22],[12],Air Quality is Moderate
[22],[13],Air Quality is Moderate
[22],[14],Air Quality is Moderate
[22],[15],Air Quality is Moderate
[22],[16],Air Quality is Moderate
[22],[17],Air Quality is Moderate
[22],[18],Air Quality is Moderate
[22],[19],Air Quality is Moderate
[22],[20],Air Quality is Moderate
[22],[21],Air Quality is Moderate
[22],[22],Air Quality is Moderate
[22],[23],Air Quality is Moderate
[22],[24],Air Quality is Moderate
[22],[25],Air Quality is Moderate
[22],[26],Air Quality is Moderate
[22],[27],Air Quality is Moderate
[22],[28],Air Quality is Moderate
[22],[29],Air Quality is Moderate
[22],[30],Air Quality is Moderate
[22],[31],Air Quality is Moderate
[22],[32],Air Quality is Moderate
[22],[33],Air Quality is Moderate
[22],[34],Air Quality is Moderate
[22],[35],Air Quality is Moderate
[22],[36],Air Quality is Moderate
[22],[37],Air Quality is Moderate
[22],[38],Air Quality is Moderate
[22],[39],Air Quality is Moderate
[22],[40],Air Quality is Moderate
[22],[41],Air Quality is Moderate
[22],[42],Air Quality is Moderate
[22],[43],Air Quality is Moderate
[22],[44],Air Quality is Moderate
[22],[45],Air Quality is Moderate
[22],[46],Air Quality is Moderate
[22],[47],Air Quality is Moderate
[22],[48],Air Quality is Moderate
[22],[49],Air Quality is Moderate
[22],[50],Air Quality is Good
[22],[51],Air Quality is Moderate
[22],[52],Air Quality is Moderate
[22],[53],Air Quality is Good
[22],[54],Air Quality is Good
[22],[55],Air Quality is Moderate
[22],[56],Air Quality is Moderate
[22],[57],Air Quality is Moderate
[22],[58],Air Quality is Moderate
[22],[59],Air Quality is Moderate
[22],[60],Air Quality is Good
[22],[61],Air Quality is Moderate
[22],[62],Air Quality is Moderate
[22],[63],Air Quality is Moderate
[22],[64],Air Quality is Good
[22],[65],Air Quality is Good
[22],[66],Air Quality is Good
[22],[67],Air Quality is Good
[22],[68],Air Quality is Moderate
[22],[69],Air Quality is Moderate
[22],[70],Air Quality is Moderate
[22],[71],Air Quality is Good
[22],[72],Air Quality is Good
[22],[73],Air Quality is Moderate
[22],[74],Air Quality is Moderate
[22],[75],Air Quality is Moderate
[22],[76],Air Quality is Moderate
[22],[77],Air Quality is Moderate
[22],[78],Air Quality is Moderate
[22],[79],Air Quality is Moderate
[22],[80],Air Quality is Moderate
[22],[81],Air Quality is Moderate
[22],[82],Air Quality is Moderate
[22],[83],Air Quality is Moderate
[22],[84],Air Quality is Moderate
[22],[85],Air Quality is Moderate
[22],[86],Air Quality is Moderate
[22],[87],Air Quality is Moderate
[22],[88],Air Quality is Moderate
[22],[89],Air Quality is Moderate
[22],[90],Air Quality is Moderate
[22],[91],Air Quality is Moderate
[22],[92],Air Quality is Moderate
[22],[93],Air Quality is Moderate
[22],[94],Air Quality is Moderate
[22],[95],Air Quality is Moderate
[22],[96],Air Quality is Moderate
[22],[97],Air Quality is Moderate
[22],[98],Air Quality is Moderate
[22],[99],Air Quality is Moderate
[23],[0],Air Quality is Moderate
[23],[1],Air Quality is Moderate
[23],[2],Air Quality is Moderate
[23],[3],Air Quality is Moderate
[23],[4],Air Quality is Moderate
[23],[5],Air Quality is Moderate
[23],[6],Air Quality is Moderate
[23],[7],Air Quality is Moderate
[23],[8],Air Quality is Moderate
[23],[9],Air Quality is Moderate
[23],[10],Air Quality is Moderate
[23],[11],Air Quality is Moderate
[23],[12],Air Quality is Moderate
[23],[13],Air Quality is Moderate
[23],[14],Air Quality is Moderate
[23],[15],Air Quality is Moderate
[23],[16],Air Quality is Moderate
[23],[17],Air Quality is Moderate
[23],[18],Air Quality is Moderate
[23],[19],Air Quality is Moderate
[23],[20],Air Quality is Moderate
[23],[21],Air Quality is Moderate
[23],[22],Air Quality is Moderate
[23],[23],Air Quality is Moderate
[23],[24],Air Quality is Moderate
[23],[25],Air Quality is Moderate
[23],[26],Air Quality is Moderate
[23],[27],Air Quality is Moderate
[23],[28],Air Quality is Moderate
[23],[29],Air Quality is Moderate
[23],[30],Air Quality is Moderate
[23],[31],Air Quality is Moderate
[23],[32],Air Quality is Moderate
[23],[33],Air Quality is Moderate
[23],[34],Air Quality is Moderate
[23],[35],Air Quality is Moderate
[23],[36],Air Quality is Moderate
[23],[37],Air Quality is Moderate
[23],[38],Air Quality is Moderate
[23],[39],Air Quality is Moderate
[23],[40],Air Quality is Moderate
[23],[41],Air Quality is Moderate
[23],[42],Air Quality is Moderate
[23],[43],Air Quality is Moderate
[23],[44],Air Quality is Moderate
[23],[45],Air Quality is Moderate
[23],[46],Air Quality is Moderate
[23],[47],Air Quality is Moderate
[23],[48],Air Quality is Moderate
[23],[49],Air Quality is Moderate
[23],[50],Air Quality is Moderate
[23],[51],Air Quality is Moderate
[23],[52],Air Quality is Moderate
[23],[53],Air Quality is Moderate
[23],[54],Air Quality is Moderate
[23],[55],Air Quality is Moderate
[23],[56],Air Quality is Moderate
[23],[57],Air Quality is Moderate
[23],[58],Air Quality is Moderate
[23],[59],Air Quality is Moderate
[23],[60],Air Quality is Good
[23],[61],Air Quality is Moderate
[23],[62],Air Quality is Moderate
[23],[63],Air Quality is Moderate
[23],[64],Air Quality is Moderate
[23],[65],Air Quality is Good
[23],[66],Air Quality is Good
[23],[67],Air Quality is Good
[23],[68],Air Quality is Good
[23],[69],Air Quality is Good
[23],[70],Air Quality is Moderate
[23],[71],Air Quality is Moderate
[23],[72],Air Quality is Moderate
[23],[73],Air Quality is Moderate
[23],[74],Air Quality is Moderate
[23],[75],Air Quality is Moderate
[23],[76],Air Quality is Moderate
[23],[77],Air Quality is Moderate
[23],[78],Air Quality is Moderate
[23],[79],Air Quality is Moderate
[23],[80],Air Quality is Moderate
[23],[81],Air Quality is Moderate
[23],[82],Air Quality is Moderate
[23],[83],Air Quality is Moderate
[23],[84],Air Quality is Moderate
[23],[85],Air Quality is Moderate
[23],[86],Air Quality is Moderate
[23],[87],Air Quality is Moderate
[23],[88],Air Quality is Moderate
[23],[89],Air Quality is Moderate
[23],[90],Air Quality is Moderate
[23],[91],Air Quality is Moderate
[23],[92],Air Quality is Moderate
[23],[93],Air Quality is Moderate
[23],[94],Air Quality is Moderate
[23],[95],Air Quality is Moderate
[23],[96],Air Quality is Moderate
[23],[97],Air Quality is Moderate
[23],[98],Air Quality is Moderate
[23],[99],Air Quality is Moderate
